yaw1,yaw2,pitch1,pitch2,intensity
220869250.63602984
90803214.02038704
0.0
0.0
218385065.4625291
257949960.43888348
136150862.76107737
13507263.340400927
60262463.45889309
179090446.06758025
269513349.72175723
179065521.2630573
0.0
13476877.735752085
136157242.19535756
258236666.51155868
35655263.79160349
0.0
0.0
0.0
34303716.56732677
36414494.74627335
0.0
0.0
0.0
12332882.376807168
36547181.5547585
12303319.854894752
0.0
0.0
0.0
36496899.09504188
0.0
0.0
0.0
0.0
0.0
0.0
0.0
0.0
0.0
0.0
0.0
0.0
0.0
0.0
0.0
0.0
0.0
0.0
0.0
0.0
0.0
0.0
0.0
0.0
0.0
0.0
0.0
0.0
0.0
0.0
0.0
0.0
128645581.64532985
64187357.41908209
0.0
0.0
128994664.8854644
159542435.99907872
99406514.12848428
8758099.798644517
37463708.615862206
123828520.95278126
197628393.50849253
123842864.74432659
0.0
8771231.241878206
99468546.04979289
159189861.35929298
284664118.101611
122046124.05511397
0.0
0.0
273067833.09621656
339142144.19844574
174218312.62980312
27937739.065998998
77240654.33396348
225311350.88780951
361919449.1413978
225264764.58452982
0.0
27957454.515059907
174256404.43729392
339487582.11418957
99809332.45519632
21062902.245846298
0.0
0.0
92114525.94913062
100604967.74641006
39675259.22891892
0.0
0.0
63960390.131548546
100562809.94309016
63900879.47303461
0.0
0.0
39617039.581817225
100725516.30988678
0.0
0.0
0.0
0.0
0.0
0.0
0.0
0.0
0.0
0.0
0.0
0.0
0.0
0.0
0.0
0.0
0.0
0.0
0.0
0.0
0.0
0.0
0.0
0.0
0.0
0.0
0.0
0.0
0.0
0.0
0.0
0.0
124729414.96451715
48971535.16928278
0.0
0.0
137413112.94180396
160347893.6143526
87227144.16408348
0.0
16012012.0056531
119399937.09122396
171613273.13140324
119348220.07440466
0.0
0.0
87227929.40130866
160367388.53565484
318746860.36858493
137934900.76523817
0.0
0.0
302111435.3681201
394403015.9780657
189845302.9214978
33257653.152294938
77478926.0521566
244960969.80828747
499285019.95448935
244979810.55050063
0.0
33277637.0073061
189769836.8910833
394431846.8474043
156608215.5970152
65502775.59298815
0.0
0.0
150978709.12549147
172696455.90117955
90607797.58503509
0.0
16572840.601726554
120363974.38201886
174023867.5405798
120234935.88116825
0.0
0.0
90862913.51339935
172841832.85221422
0.0
0.0
0.0
0.0
0.0
0.0
0.0
0.0
0.0
0.0
0.0
0.0
0.0
0.0
0.0
0.0
0.0
0.0
0.0
0.0
0.0
0.0
0.0
0.0
0.0
0.0
0.0
0.0
0.0
0.0
0.0
0.0
71623054.44212669
12758438.149351466
0.0
0.0
71461674.34506853
93996359.62636253
39899703.66672167
0.0
0.0
61148576.504344076
101787872.90575825
61094959.907043375
0.0
0.0
39973194.15334615
93871240.38356915
288834407.1584011
135179504.09819016
0.0
0.0
248280753.07167086
338274548.750944
180298173.4672655
27934708.984506305
63985117.14090328
219247886.5495296
369360069.0679838
219203915.82399005
0.0
27904838.15688288
180321606.28826004
338216425.86604714
